<?xml version="1.0" encoding="UTF-8"?>
<beans xmlns="http://www.springframework.org/schema/beans"
	xmlns:xsi="http://www.w3.org/2001/XMLSchema-instance"
	xmlns:p="http://www.springframework.org/schema/p"
	xsi:schemaLocation="
http://www.springframework.org/schema/beans http://www.springframework.org/schema/beans/spring-beans-4.0.xsd">

<bean id="FileNameGenerator" class="com.mkyong.common.FileNameGenerator">
		<property name="name">
			<value>mkyong</value>
		</property>
		<property name="type">
			<value>txt</value>
		</property>
	</bean>
	
	
	
	<bean id="FileNameGenerator1" class="com.mkyong.common.FileNameGenerator">
		<property name="name" value="mkyong" />
		<property name="type" value="txt" />
	</bean>
	
	<bean id="FileNameGenerator2" class="com.mkyong.common.FileNameGenerator"  p:name="mkyong" p:type="txt" />
             
</beans>