<?xml version="1.0" encoding="UTF-8"?>
<beans xmlns="http://www.springframework.org/schema/beans"
       xmlns:xsi="http://www.w3.org/2001/XMLSchema-instance"
       xsi:schemaLocation="http://www.springframework.org/schema/beans
            http://www.springframework.org/schema/beans/spring-beans.xsd">

    <bean id="customer" class="com.logicbig.example.XmlSpringCustomEditorExample.MyBean">
        <property name="price" value="45,678.567"/>
    </bean>

    <bean class="org.springframework.beans.factory.config.CustomEditorConfigurer">
        <property name="propertyEditorRegistrars">
            <list>
                <bean class="com.logicbig.example.XmlSpringCustomEditorExample.MyCustomBeanRegistrar" />
            </list>
        </property>
    </bean>
</beans>