<beans xmlns="http://www.springframework.org/schema/beans"
	xmlns:xsi="http://www.w3.org/2001/XMLSchema-instance" xmlns:util="http://www.springframework.org/schema/util"
	xsi:schemaLocation="http://www.springframework.org/schema/beans
http://www.springframework.org/schema/beans/spring-beans-2.5.xsd
http://www.springframework.org/schema/util
http://www.springframework.org/schema/util/spring-util-2.5.xsd">

	<bean id="CustomerBean" class="com.mkyong.common.Customer">
		<property name="sets">
			<util:set set-class="java.util.HashSet">
				<value>1</value>
				<value>2</value>
				<value>3</value>
			</util:set>
		</property>
	</bean>

<bean id="CustomerBean1" class="com.mkyong.common.Customer">
		<property name="sets">
			<bean class="org.springframework.beans.factory.config.SetFactoryBean">
				<property name="targetSetClass">
					<value>java.util.HashSet</value>
				</property>
				<property name="sourceSet">
					<list>
						<value>1</value>
						<value>2</value>
						<value>3</value>
					</list>
				</property>
			</bean>
		</property>
	</bean>
</beans>